mapID, count, time, abs_prox_x, abs_prox_y, abs_prox_z, 

1, 259, 129500,  3.912, -2.987,  0.127, 
6, 1334, 667000, -23.980, -21.139,  0.052, 

1, 259, 129500,  2.693,  5.618,  0.355, 
6, 1334, 667000, -25.447, -12.758,  0.192, 

1, 259, 129500,  7.939,  5.643,  0.098, 
6, 1334, 667000, -21.074, -12.029, -0.014, 

1, 259, 129500,  1.591, -5.088,  0.080, 
6, 1334, 667000, -24.881, -23.401,  0.313, 

1, 259, 129500,  8.805, -1.814,  0.097, 
6, 1334, 667000, -19.250, -19.260,  0.268, 

1, 258, 129000,  7.255,  6.267,  0.658, 
6, 1333, 666500, -20.964, -12.168,  0.094, 

1, 258, 129000,  3.905, -3.006,  0.128, 
6, 1333, 666500, -23.766, -21.106,  0.055, 

1, 258, 129000,  8.806, -1.832, -0.015, 
6, 1333, 666500, -19.326, -19.448,  0.193, 

1, 258, 129000,  3.490,  5.534,  0.194, 
6, 1333, 666500, -25.318, -12.776,  0.062, 

1, 257, 128500,  7.280,  6.340,  0.543, 
6, 1332, 666000, -21.145, -11.977, -0.144, 

1, 257, 128500,  3.907, -3.009,  0.060, 
6, 1332, 666000, -23.951, -21.231,  0.180, 

1, 257, 128500,  8.819, -1.813,  0.214, 
6, 1332, 666000, -19.195, -19.302,  0.103, 

1, 257, 128500,  2.726,  5.618,  0.242, 
6, 1332, 666000, -26.118, -12.728,  0.134, 

1, 257, 128500,  3.471,  5.544,  0.196, 
6, 1332, 666000, -25.473, -12.758,  0.135, 

1, 257, 128500,  1.204, -5.069,  0.247, 
6, 1332, 666000, -25.552, -23.463,  0.372, 

1, 257, 128500, 27.718,  6.160,  1.060, 
6, 1332, 666000, -1.648, -8.795,  1.073, 

1, 256, 128000,  7.249,  6.272,  0.674, 
6, 1331, 665500, -21.804, -11.619,  0.677, 

1, 256, 128000,  3.905, -3.021,  0.195, 
6, 1331, 665500, -23.815, -21.110,  0.133, 

1, 256, 128000,  3.444,  5.558,  0.195, 
6, 1331, 665500, -25.502, -12.746,  0.064, 

1, 256, 128000,  7.959,  5.690,  0.103, 
6, 1331, 665500, -21.081, -12.015, -0.157, 

1, 256, 128000,  2.218,  5.725,  0.414, 
6, 1331, 665500, -26.464, -12.736,  0.250, 

1, 256, 128000,  1.354, -5.082,  0.247, 
6, 1331, 665500, -26.013, -23.504,  0.373, 

1, 255, 127500,  7.474,  5.988,  0.697, 
6, 1331, 665500, -21.081, -12.015, -0.157, 

1, 255, 127500,  3.975, -2.989,  0.068, 
6, 1331, 665500, -23.815, -21.110,  0.133, 

1, 255, 127500,  2.486,  5.659,  0.417, 
6, 1331, 665500, -26.464, -12.736,  0.250, 

1, 254, 127000,  7.240,  6.320,  0.627, 
6, 1330, 665000, -21.291, -11.841, -0.016, 

1, 254, 127000,  3.914, -3.025,  0.141, 
6, 1330, 665000, -23.870, -21.158,  0.203, 

1, 254, 127000,  0.829, -5.057,  0.432, 
6, 1330, 665000, -26.159, -23.529,  0.315, 

1, 254, 127000,  2.176,  5.744,  0.418, 
6, 1330, 665000, -26.921, -12.731,  0.421, 

1, 254, 127000,  3.375,  5.558,  0.268, 
6, 1330, 665000, -25.792, -12.676,  0.141, 

1, 253, 126500,  7.261,  6.262,  0.731, 
6, 1329, 664500, -21.859, -11.510,  0.721, 

1, 253, 126500,  3.890, -2.997,  0.144, 
6, 1329, 664500, -23.893, -21.092,  0.141, 

1, 253, 126500,  0.528, -5.056,  0.321, 
6, 1329, 664500, -26.859, -23.609,  0.376, 

1, 253, 126500,  2.635,  5.636,  0.348, 
6, 1329, 664500, -26.429, -12.761,  0.306, 

1, 253, 126500,  3.471,  5.526,  0.207, 
6, 1329, 664500, -25.813, -12.688,  0.072, 

1, 253, 126500,  0.683,  9.670,  0.231, 
6, 1329, 664500, -27.996, -9.352, -0.157, 

1, 253, 126500, 20.534, -2.795,  1.777, 
6, 1329, 664500, -7.466, -18.278,  1.424, 

1, 252, 126000,  7.282,  6.387,  0.670, 
6, 1328, 664000, -21.459, -11.775,  0.616, 

1, 252, 126000,  4.035, -3.048,  0.229, 
6, 1328, 664000, -23.899, -21.139,  0.223, 

1, 252, 126000, -0.342, -3.776,  0.065, 
6, 1328, 664000, -28.043, -22.492,  0.132, 

1, 251, 125500,  7.486,  6.156,  0.771, 
6, 1327, 663500, -21.875, -11.533,  0.780, 

1, 251, 125500,  3.967, -3.046,  0.157, 
6, 1327, 663500, -24.020, -21.331, -0.011, 

1, 251, 125500,  2.356,  5.690,  0.444, 
6, 1327, 663500, -26.890, -12.763,  0.447, 

1, 251, 125500,  8.855, -1.917,  0.266, 
6, 1327, 663500, -19.252, -19.154,  0.375, 

1, 250, 125000, -0.553, -0.310, -0.214, 
6, 1326, 663000, -28.797, -19.111, -0.231, 

1, 250, 125000,  4.031, -3.046,  0.172, 
6, 1326, 663000, -24.048, -21.476, -0.012, 

1, 250, 125000,  1.739,  9.052, -0.154, 
6, 1326, 663000, -27.623, -9.570, -0.164, 

1, 250, 125000, -0.484, -3.721,  0.303, 
6, 1326, 663000, -28.375, -22.513,  0.300, 

1, 250, 125000, 27.849,  5.850,  0.796, 
6, 1326, 663000, -1.287, -9.853,  0.797, 

1, 250, 125000,  2.155,  5.866,  0.463, 
6, 1326, 663000, -26.778, -12.784,  0.406, 

1, 249, 124500, -0.695, -0.291, -0.178, 
6, 1325, 662500, -28.921, -19.085, -0.259, 

1, 249, 124500,  7.339,  6.245,  0.837, 
6, 1325, 662500, -21.680, -11.847,  0.823, 

1, 249, 124500,  4.011, -3.025,  0.180, 
6, 1325, 662500, -23.994, -21.244,  0.172, 

1, 249, 124500,  2.278,  5.694,  0.481, 
6, 1325, 662500, -26.542, -12.890,  0.477, 

1, 249, 124500,  8.897, -1.799,  0.277, 
6, 1325, 662500, -19.281, -19.454,  0.875, 

1, 248, 124000, -1.315, -0.312, -0.219, 
6, 1324, 662000, -29.655, -19.215, -0.198, 

1, 248, 124000, -1.630,  6.520, -0.301, 
6, 1324, 662000, -30.852, -12.741, -0.294, 

1, 248, 124000, -0.715, -0.305, -0.160, 
6, 1324, 662000, -28.947, -19.097, -0.177, 

1, 248, 124000,  4.080, -2.930,  0.091, 
6, 1324, 662000, -23.928, -21.249,  0.182, 

1, 248, 124000,  3.068,  5.649,  0.312, 
6, 1324, 662000, -26.227, -12.906,  0.522, 

1, 248, 124000, -1.653, -3.397,  0.401, 
6, 1324, 662000, -28.356, -22.475,  0.419, 

1, 248, 124000,  2.344,  5.648,  0.500, 
6, 1324, 662000, -26.762, -12.887,  0.448, 

1, 248, 124000,  8.923, -1.622,  0.431, 
6, 1324, 662000, -19.224, -19.392,  0.901, 

1, 247, 123500, -1.572, -0.231, -0.207, 
6, 1323, 661500, -29.850, -19.142, -0.126, 

1, 247, 123500, -2.074,  6.177, -0.383, 
6, 1323, 661500, -31.147, -13.011,  0.437, 

1, 247, 123500, -0.814, -0.333, -0.272, 
6, 1323, 661500, -29.145, -19.135, -0.232, 

1, 247, 123500,  7.277,  6.177,  0.886, 
6, 1323, 661500, -21.864, -11.702,  0.899, 

1, 247, 123500,  4.084, -3.031,  0.096, 
6, 1323, 661500, -23.982, -21.236,  0.095, 

1, 247, 123500,  2.377,  5.601,  0.449, 
6, 1323, 661500, -26.749, -12.914,  0.449, 

1, 247, 123500, -1.650, -3.397,  0.403, 
6, 1323, 661500, -28.409, -22.487,  0.428, 

1, 246, 123000, -1.926,  6.051,  0.423, 
6, 1322, 661000, -31.210, -13.027,  0.434, 

1, 246, 123000, -0.916, -0.382, -0.234, 
6, 1322, 661000, -29.175, -19.168, -0.236, 

1, 246, 123000, -1.689, -0.203, -0.378, 
6, 1322, 661000, -30.201, -19.186, -0.276, 

1, 245, 122500, -1.785, -0.246, -0.122, 
6, 1321, 660500, -30.099, -19.196, -0.135, 

1, 245, 122500, -1.894,  6.114,  0.379, 
6, 1321, 660500, -31.552, -13.121,  0.346, 

1, 245, 122500,  2.284,  5.612,  0.543, 
6, 1321, 660500, -26.835, -12.919,  0.563, 

1, 245, 122500, -0.878, -0.350, -0.301, 
6, 1321, 660500, -29.225, -19.207, -0.302, 

1, 245, 122500, -2.461, -0.351, -0.221, 
6, 1321, 660500, -30.773, -19.397, -0.229, 

1, 245, 122500,  8.909, -1.811,  0.457, 
6, 1321, 660500, -21.823, -11.789,  0.948, 

1, 244, 122000,  2.116,  5.724,  0.518, 
6, 1320, 660000, -27.083, -12.743,  0.528, 

1, 244, 122000,  7.281,  6.189,  0.857, 
6, 1320, 660000, -21.947, -11.681,  0.987, 

1, 244, 122000, -1.837,  6.109,  0.388, 
6, 1320, 660000, -31.043, -13.018,  0.353, 

1, 244, 122000, -2.509, -0.289, -0.146, 
6, 1320, 660000, -30.256, -19.213, -0.257, 

1, 244, 122000, -2.865,  5.999,  0.421, 
6, 1320, 660000, -31.593, -13.192,  0.343, 

1, 244, 122000, -0.883, -0.395, -0.224, 
6, 1320, 660000, -29.224, -19.213, -0.234, 

1, 244, 122000, -3.344,  6.225,  0.204, 
6, 1320, 660000, -32.106, -13.138,  0.353, 

1, 243, 121500, -2.556, -0.279, -0.057, 
6, 1319, 659500, -30.316, -19.292, -0.097, 

1, 243, 121500, -2.402,  6.003, -0.010, 
6, 1319, 659500, -31.515, -13.207,  0.350, 

1, 243, 121500,  2.182,  5.660,  0.521, 
6, 1319, 659500, -26.925, -12.867,  0.539, 

1, 243, 121500,  7.184,  6.345,  1.009, 
6, 1319, 659500, -21.983, -11.592,  1.022, 

1, 243, 121500, -2.845, -0.306,  0.019, 
6, 1319, 659500, -30.907, -19.335, -0.052, 

1, 243, 121500, -0.462, -3.729,  0.482, 
6, 1319, 659500, -28.432, -22.536,  0.469, 

1, 243, 121500, -3.324,  6.126,  0.259, 
6, 1319, 659500, -32.012, -13.151,  0.261, 

1, 243, 121500, -1.798,  6.114,  0.390, 
6, 1319, 659500, -31.070, -13.021,  0.394, 

1, 242, 121000, -2.946, -0.310, -0.057, 
6, 1318, 659000, -31.887, -19.579, -0.101, 

1, 242, 121000, -1.758,  6.258,  0.277, 
6, 1318, 659000, -30.952, -12.896,  0.415, 

1, 242, 121000,  7.446,  6.169,  1.030, 
6, 1318, 659000, -21.836, -11.798,  0.912, 

1, 242, 121000, -2.467,  5.990,  0.388, 
6, 1318, 659000, -31.565, -13.185,  0.388, 

1, 242, 121000, -1.849, -0.225, -0.216, 
6, 1318, 659000, -30.307, -19.285, -0.148, 

1, 241, 120500,  2.006,  5.821,  0.574, 
6, 1317, 658500, -27.060, -12.859,  0.657, 

1, 241, 120500,  7.084,  6.515,  0.938, 
6, 1317, 658500, -21.983, -11.632,  0.865, 

1, 241, 120500, -3.441,  6.161,  0.263, 
6, 1317, 658500, -32.064, -13.189,  0.322, 

1, 241, 120500, -3.698, -0.367, -0.113, 
6, 1317, 658500, -31.498, -19.491, -0.027, 

1, 240, 120000, -3.765, -0.366, -0.054, 
6, 1316, 658000, -31.590, -19.545, -0.153, 

1, 240, 120000, -2.902,  5.984,  0.313, 
6, 1316, 658000, -32.015, -13.155,  0.274, 

1, 240, 120000,  2.130,  5.685,  0.555, 
6, 1316, 658000, -27.053, -12.825,  0.564, 

1, 240, 120000,  7.275,  6.089,  1.103, 
6, 1316, 658000, -21.955, -11.725,  0.890, 

1, 239, 119500, -3.959, -0.410, -0.122, 
6, 1315, 657500, -32.322, -19.592, -0.078, 

1, 239, 119500, -2.562,  5.910,  0.410, 
6, 1315, 657500, -32.256, -13.162,  0.475, 

1, 239, 119500,  1.940,  5.878,  0.714, 
6, 1315, 657500, -27.191, -12.684,  0.647, 

1, 239, 119500,  7.136,  6.465,  0.908, 
6, 1315, 657500, -22.101, -11.577,  1.146, 

1, 238, 119000, -6.565,  6.446, -0.440, 
6, 1314, 657000, -35.831, -13.408, -0.214, 

1, 238, 119000, -3.945, -0.398, -0.097, 
6, 1314, 657000, -32.405, -19.659, -0.233, 

1, 238, 119000, -2.489,  5.905,  0.422, 
6, 1314, 657000, -32.212, -13.199,  0.493, 

1, 238, 119000,  1.708,  6.302,  0.751, 
6, 1314, 657000, -27.084, -12.799,  0.742, 

1, 237, 118500, -7.131,  5.839, -0.197, 
6, 1313, 656500, -36.293, -13.905, -0.203, 

1, 237, 118500, -4.050, -0.463, -0.150, 
6, 1313, 656500, -32.461, -19.756, -0.160, 

1, 237, 118500, -2.474,  5.946,  0.368, 
6, 1313, 656500, -32.196, -13.215,  0.451, 

1, 237, 118500,  2.470,  5.540,  0.691, 
6, 1313, 656500, -26.665, -13.066,  0.703, 

1, 237, 118500, -2.125, -4.489,  0.484, 
6, 1313, 656500, -30.172, -23.499,  0.462, 

1, 237, 118500, -4.532, -5.063,  0.372, 
6, 1313, 656500, -31.419, -24.085,  0.076, 

1, 237, 118500, -6.144,  9.588, -0.166, 
6, 1313, 656500, -35.546, -11.022, -0.151, 

1, 236, 118000, -4.117, -0.530, -0.159, 
6, 1312, 656000, -32.485, -19.788, -0.110, 

1, 236, 118000, -5.455, -1.474,  0.062, 
6, 1312, 656000, -33.722, -20.872,  0.141, 

1, 236, 118000, -3.620, -4.954,  0.171, 
6, 1312, 656000, -30.160, -23.492,  0.527, 

1, 236, 118000,  1.956,  5.788,  0.705, 
6, 1312, 656000, -27.150, -12.805,  0.707, 

1, 236, 118000, -2.384,  5.965,  0.467, 
6, 1312, 656000, -32.177, -13.191,  0.460, 

1, 236, 118000, -4.706, -5.104,  0.239, 
6, 1312, 656000, -31.495, -24.138,  0.164, 

1, 235, 117500, -4.098, -0.546, -0.132, 
6, 1311, 655500, -32.479, -19.796, -0.119, 

1, 235, 117500, -3.177,  5.990,  0.322, 
6, 1311, 655500, -32.519, -13.129,  0.333, 

1, 235, 117500, -6.978,  5.807, -0.099, 
6, 1311, 655500, -37.371, -14.274,  0.223, 

1, 235, 117500, -5.504, -1.496,  0.029, 
6, 1311, 655500, -33.718, -20.868,  0.154, 

1, 234, 117000, -4.156, -0.644, -0.196, 
6, 1310, 655000, -32.497, -19.850, -0.200, 

1, 234, 117000, -6.209, -1.541,  0.084, 
6, 1310, 655000, -33.674, -20.849,  0.105, 

1, 234, 117000,  2.177,  5.404,  0.861, 
6, 1310, 655000, -27.410, -12.481,  0.796, 

1, 234, 117000, -7.820,  5.560,  0.145, 
6, 1310, 655000, -36.651, -14.083,  0.070, 

1, 234, 117000, -2.379, -4.592,  0.511, 
6, 1310, 655000, -30.169, -23.490,  0.558, 

1, 233, 116500, -4.140, -0.616, -0.219, 
6, 1309, 654500, -32.477, -19.795, -0.159, 

1, 233, 116500, -6.286, -1.513,  0.083, 
6, 1309, 654500, -33.746, -20.909,  0.131, 

1, 233, 116500,  1.979,  5.504,  0.783, 
6, 1309, 654500, -27.262, -12.823,  0.910, 

1, 233, 116500, -8.314,  5.543,  0.275, 
6, 1309, 654500, -36.877, -14.155, -0.011, 

1, 232, 116000, -4.170, -0.569, -0.126, 
6, 1308, 654000, -32.487, -19.902, -0.315, 

1, 232, 116000, -5.569, -1.536,  0.177, 
6, 1308, 654000, -33.742, -20.916, -0.004, 

1, 232, 116000, -6.752,  6.042, -0.107, 
6, 1308, 654000, -37.355, -14.288,  0.227, 

1, 232, 116000, -8.972,  5.835, -0.012, 
6, 1308, 654000, -38.020, -14.149,  0.516, 

1, 231, 115500, -8.070,  5.517,  0.148, 
6, 1307, 653500, -36.988, -14.210,  0.230, 

1, 231, 115500, -4.169, -0.577, -0.201, 
6, 1307, 653500, -32.496, -20.002, -0.067, 

1, 231, 115500, -6.534, -1.558, -0.041, 
6, 1307, 653500, -34.790, -21.120,  0.072, 

1, 231, 115500, -5.566, -1.530,  0.034, 
6, 1307, 653500, -33.780, -20.981, -0.051, 

1, 231, 115500, -3.108,  5.936,  0.443, 
6, 1307, 653500, -32.740, -13.089,  0.584, 

1, 230, 115000, -4.153, -0.572, -0.011, 
6, 1306, 653000, -32.515, -20.027, -0.146, 

1, 230, 115000, -7.090, -1.660, -0.281, 
6, 1306, 653000, -34.828, -21.127, -0.069, 

1, 230, 115000, -7.636,  5.605,  0.295, 
6, 1306, 653000, -36.905, -14.225,  0.160, 

1, 230, 115000, -3.227,  6.040,  0.470, 
6, 1306, 653000, -32.585, -13.169,  0.670, 

1, 230, 115000, -5.513, -1.484,  0.040, 
6, 1306, 653000, -33.793, -20.972,  0.036, 

1, 229, 114500, -7.583,  5.583,  0.231, 
6, 1305, 652500, -36.911, -14.232,  0.164, 

1, 229, 114500, -4.150, -0.605, -0.244, 
6, 1305, 652500, -32.505, -19.926, -0.244, 

1, 229, 114500, -7.209, -1.714, -0.242, 
6, 1305, 652500, -34.900, -21.253, -0.119, 

1, 229, 114500,  1.762,  5.847,  1.005, 
6, 1305, 652500, -27.262, -12.923,  1.030, 

1, 229, 114500, -3.686,  6.228,  0.546, 
6, 1305, 652500, -32.597, -13.184,  0.706, 

1, 228, 114000, -7.533,  5.588,  0.305, 
6, 1304, 652000, -37.058, -14.264,  0.253, 

1, 228, 114000, -4.182, -0.643, -0.170, 
6, 1304, 652000, -32.539, -19.951,  0.060, 

1, 228, 114000, -7.275, -1.756, -0.297, 
6, 1304, 652000, -35.487, -21.379, -0.292, 

1, 228, 114000, -6.656, -1.661,  0.182, 
6, 1304, 652000, -34.916, -21.227,  0.150, 

1, 228, 114000,  1.881,  5.838,  1.072, 
6, 1304, 652000, -27.202, -12.906,  1.070, 

1, 227, 113500, -3.551,  6.137,  0.657, 
6, 1303, 651500, -32.655, -13.120,  0.683, 

1, 227, 113500, -7.876,  5.490,  0.316, 
6, 1303, 651500, -37.125, -14.265,  0.261, 

1, 227, 113500, -4.203, -0.826,  0.065, 
6, 1303, 651500, -32.521, -19.962, -0.098, 

1, 227, 113500, -7.335, -1.831, -0.214, 
6, 1303, 651500, -35.462, -21.364, -0.327, 

1, 227, 113500, -12.875, 10.675,  0.908, 
6, 1303, 651500, -42.891, -9.888,  1.050, 

1, 227, 113500, -8.270, -2.068, -0.098, 
6, 1303, 651500, -36.577, -21.776, -0.139, 

1, 226, 113000, -8.381, -2.050, -0.032, 
6, 1302, 651000, -36.532, -21.749, -0.056, 

1, 226, 113000, -3.577,  6.119,  0.788, 
6, 1302, 651000, -33.296, -12.829,  0.715, 

1, 226, 113000, -4.180, -0.722, -0.015, 
6, 1302, 651000, -32.570, -19.789, -0.196, 

1, 226, 113000, -7.304, -1.849, -0.224, 
6, 1302, 651000, -35.509, -21.443, -0.273, 

1, 226, 113000,  2.082,  5.349,  1.110, 
6, 1302, 651000, -27.305, -12.949,  1.117, 

1, 226, 113000, -7.709,  5.540, -0.013, 
6, 1302, 651000, -37.089, -14.276,  0.180, 

1, 226, 113000, -8.912,  5.664,  0.552, 
6, 1302, 651000, -37.690, -14.340,  0.260, 

1, 226, 113000, -12.494, 10.873,  1.040, 
6, 1302, 651000, -42.726, -9.773,  0.933, 

1, 225, 112500, -3.487,  5.999,  0.819, 
6, 1301, 650500, -33.519, -12.702,  0.492, 

1, 225, 112500, -8.405,  5.497,  0.089, 
6, 1301, 650500, -37.963, -14.373,  0.518, 

1, 225, 112500, -4.199, -0.685, -0.011, 
6, 1301, 650500, -32.650, -19.597, -0.214, 

1, 225, 112500, -7.266, -1.768, -0.303, 
6, 1301, 650500, -35.494, -21.400, -0.237, 

1, 225, 112500, -8.612, -2.178, -0.094, 
6, 1301, 650500, -36.702, -21.860, -0.087, 

1, 225, 112500, -13.173,  9.536,  0.845, 
6, 1301, 650500, -43.362, -11.539,  0.839, 

1, 225, 112500,  1.387,  6.894,  0.948, 
6, 1301, 650500, -28.371, -11.588,  0.944, 

1, 224, 112000, -3.632,  6.179,  0.513, 
6, 1300, 650000, -33.019, -13.024,  0.703, 

1, 224, 112000,  1.732,  5.896,  0.971, 
6, 1300, 650000, -27.680, -12.520,  0.965, 

1, 224, 112000, -4.165, -0.757, -0.113, 
6, 1300, 650000, -32.646, -19.621, -0.325, 

1, 224, 112000, -7.264, -1.796, -0.332, 
6, 1300, 650000, -35.498, -21.321, -0.323, 

1, 224, 112000, -8.610, -2.190, -0.065, 
6, 1300, 650000, -36.865, -22.121, -0.091, 

1, 224, 112000, -13.813,  9.272,  0.972, 
6, 1300, 650000, -43.308, -11.646,  0.945, 

1, 224, 112000, -8.843,  5.600,  0.602, 
6, 1300, 650000, -37.984, -14.403,  0.603, 

1, 223, 111500, -9.158, -2.606, -0.032, 
6, 1299, 649500, -37.226, -22.427, -0.057, 

1, 223, 111500, -3.608,  6.145,  0.690, 
6, 1299, 649500, -32.902, -13.107,  0.881, 

1, 223, 111500, -8.616,  5.466,  0.619, 
6, 1299, 649500, -38.042, -14.348,  0.635, 

1, 223, 111500,  1.873,  5.641,  0.969, 
6, 1299, 649500, -27.463, -12.771,  0.978, 

1, 223, 111500, -17.251,  5.606, -0.365, 
6, 1299, 649500, -46.127, -13.908,  0.834, 

1, 223, 111500, -7.274, -1.870, -0.305, 
6, 1299, 649500, -35.467, -21.457, -0.295, 

1, 222, 111000, -9.195, -2.635, -0.003, 
6, 1298, 649000, -37.172, -22.407, -0.060, 

1, 222, 111000, -3.635,  6.099,  0.908, 
6, 1298, 649000, -33.049, -12.974,  0.656, 

1, 222, 111000, -8.500,  5.454,  0.627, 
6, 1298, 649000, -37.383, -14.440,  0.476, 

1, 222, 111000,  1.727,  5.842,  1.251, 
6, 1298, 649000, -27.364, -12.821,  0.762, 

1, 222, 111000, -17.225,  5.344, -0.550, 
6, 1298, 649000, -46.426, -15.805, -0.561, 

1, 222, 111000, -13.137,  9.145,  0.956, 
6, 1298, 649000, -44.444, -12.233,  0.795, 

1, 221, 110500, -9.548, -2.988,  0.070, 
6, 1297, 648500, -37.719, -23.107, -0.028, 

1, 221, 110500, -3.311,  5.891,  0.671, 
6, 1297, 648500, -32.604, -13.327,  0.958, 

1, 221, 110500, -8.240,  5.452,  0.213, 
6, 1297, 648500, -37.383, -14.528,  0.695, 

1, 221, 110500,  1.681,  5.986,  1.053, 
6, 1297, 648500, -27.221, -13.078,  0.926, 

1, 221, 110500, -15.759,  7.761,  0.938, 
6, 1297, 648500, -48.051, -16.030, -0.210, 

1, 221, 110500, -13.857,  9.265,  0.998, 
6, 1297, 648500, -42.466, -11.256,  1.022, 

1, 220, 110000, -9.860, -3.254,  0.068, 
6, 1296, 648000, -37.884, -23.298,  0.056, 

1, 220, 110000, -3.701,  6.175,  0.779, 
6, 1296, 648000, -32.556, -13.442,  0.987, 

1, 220, 110000, -8.490,  5.419,  0.627, 
6, 1296, 648000, -37.468, -14.574,  0.723, 

1, 220, 110000,  1.798,  5.726,  0.928, 
6, 1296, 648000, -27.153, -13.246,  0.945, 

1, 220, 110000, -13.293,  9.104,  0.886, 
6, 1296, 648000, -44.350, -12.689,  0.971, 

1, 220, 110000, -19.293,  5.003, -0.402, 
6, 1296, 648000, -48.166, -16.219, -0.211, 

1, 219, 109500, -3.665,  6.168,  0.614, 
6, 1295, 647500, -32.425, -13.517,  0.723, 

1, 219, 109500, -8.902,  5.534,  0.737, 
6, 1295, 647500, -37.422, -14.595,  0.748, 

1, 219, 109500,  1.900,  5.650,  0.630, 
6, 1295, 647500, -27.102, -13.288,  0.630, 

1, 219, 109500, -19.509,  4.716, -0.205, 
6, 1295, 647500, -48.018, -16.023, -0.212, 

1, 219, 109500, -10.000, -3.355, -0.033, 
6, 1295, 647500, -38.200, -23.709,  0.017, 

1, 219, 109500, -17.231,  5.310, -0.551, 
6, 1295, 647500, -46.030, -15.512, -0.571, 

1, 219, 109500, -13.995,  9.162,  1.038, 
6, 1295, 647500, -42.242, -11.284,  0.943, 

1, 218, 109000, -10.402, -3.793, -0.003, 
6, 1294, 647000, -38.382, -23.899, -0.071, 

1, 218, 109000, -3.470,  5.963,  0.835, 
6, 1294, 647000, -32.706, -13.338,  0.628, 

1, 218, 109000, -8.755,  5.478,  0.537, 
6, 1294, 647000, -37.489, -14.605,  0.770, 

1, 218, 109000,  1.610,  6.058,  0.834, 
6, 1294, 647000, -27.073, -13.376,  0.974, 

1, 218, 109000, -20.163,  4.087, -0.404, 
6, 1294, 647000, -48.169, -16.267, -0.212, 

1, 218, 109000, -17.372,  5.214, -0.751, 
6, 1294, 647000, -44.264, -14.909, -0.546, 

1, 218, 109000, -14.047,  9.187,  0.928, 
6, 1294, 647000, -44.360, -12.253,  0.924, 

1, 217, 108500, -10.445, -3.842, -0.064, 
6, 1293, 646500, -38.657, -24.317, -0.238, 

1, 217, 108500, -3.984,  6.383,  0.945, 
6, 1293, 646500, -32.473, -13.444,  1.078, 

1, 217, 108500,  1.762,  5.829,  0.998, 
6, 1293, 646500, -26.925, -13.479,  0.997, 

1, 217, 108500, -9.233,  5.674,  0.571, 
6, 1293, 646500, -37.440, -14.551,  0.721, 

1, 217, 108500, -21.286,  3.698,  0.463, 
6, 1293, 646500, -48.021, -16.070, -0.415, 

1, 217, 108500, -13.474,  9.047,  1.061, 
6, 1293, 646500, -44.234, -12.620,  0.920, 

1, 216, 108000, -3.671,  6.159,  0.776, 
6, 1292, 646000, -33.311, -12.909,  0.906, 

1, 216, 108000, -8.881,  5.487,  0.830, 
6, 1292, 646000, -37.819, -14.460,  0.842, 

1, 216, 108000,  1.605,  5.939,  1.280, 
6, 1292, 646000, -27.484, -12.901,  1.162, 

1, 216, 108000, -20.691,  3.486, -0.208, 
6, 1292, 646000, -48.880, -17.104, -0.023, 

1, 216, 108000, -13.279,  9.180,  0.958, 
6, 1292, 646000, -43.888, -11.463,  1.010, 

1, 216, 108000, -10.711, -4.172,  0.021, 
6, 1292, 646000, -38.558, -24.138,  0.019, 

1, 216, 108000, -19.879,  4.297, -0.206, 
6, 1292, 646000, -46.339, -15.636, -0.386, 

1, 216, 108000, -15.506,  7.843,  1.008, 
6, 1292, 646000, -46.054, -13.758,  1.027, 

1, 215, 107500, -10.758, -4.280, -0.096, 
6, 1291, 645500, -38.895, -24.778,  0.094, 

1, 215, 107500, -4.055,  6.380,  1.001, 
6, 1291, 645500, -33.329, -12.977,  1.136, 

1, 215, 107500, -8.794,  5.475,  0.847, 
6, 1291, 645500, -37.818, -14.458,  0.854, 

1, 215, 107500,  1.774,  5.915,  1.301, 
6, 1291, 645500, -27.342, -12.784,  1.304, 

1, 215, 107500, -14.180,  9.124,  1.127, 
6, 1291, 645500, -43.889, -11.464,  1.013, 

1, 215, 107500, -20.661,  3.481, -0.208, 
6, 1291, 645500, -49.040, -17.320, -0.023, 

1, 215, 107500, -13.148, 10.523,  1.225, 
6, 1291, 645500, -42.789, -9.723,  1.269, 

1, 214, 107000, -11.031, -4.689,  0.114, 
6, 1290, 645000, -38.998, -24.950, -0.003, 

1, 214, 107000, -3.877,  6.262,  1.020, 
6, 1290, 645000, -33.366, -12.941,  0.825, 

1, 214, 107000, -9.141,  5.605,  0.902, 
6, 1290, 645000, -37.874, -14.458,  0.895, 

1, 214, 107000,  1.258,  6.365,  1.505, 
6, 1290, 645000, -28.161, -12.125,  1.219, 

1, 214, 107000, -20.505,  3.633, -0.209, 
6, 1290, 645000, -49.275, -17.692, -0.214, 

1, 213, 106500, -11.128, -4.847,  0.045, 
6, 1289, 644500, -38.895, -24.909, -0.186, 

1, 213, 106500, -3.719,  6.111,  0.967, 
6, 1289, 644500, -33.359, -12.977,  1.218, 

1, 213, 106500, -8.654,  5.383,  0.913, 
6, 1289, 644500, -38.838, -14.129,  0.139, 

1, 213, 106500, -13.996,  9.160,  1.198, 
6, 1289, 644500, -45.434, -13.274,  1.099, 

1, 213, 106500, -20.240,  3.845, -0.211, 
6, 1289, 644500, -46.850, -15.934, -0.206, 

1, 213, 106500,  1.851,  5.603,  1.241, 
6, 1289, 644500, -28.310, -12.049,  1.243, 

1, 212, 106000, -11.233, -5.177, -0.094, 
6, 1288, 644000, -39.022, -25.289, -0.088, 

1, 212, 106000, -3.625,  6.005,  1.090, 
6, 1288, 644000, -33.286, -12.988,  1.085, 

1, 212, 106000, -8.958,  5.494,  0.947, 
6, 1288, 644000, -38.077, -14.454,  0.838, 

1, 212, 106000, -13.558,  9.141,  1.210, 
6, 1288, 644000, -43.177, -11.319,  1.077, 

1, 212, 106000, -20.182,  3.909, -0.214, 
6, 1288, 644000, -49.365, -17.851, -0.023, 

1, 212, 106000, -11.137, -4.874,  0.046, 
6, 1288, 644000, -38.882, -24.961, -0.166, 

1, 212, 106000, -17.367,  5.111, -0.214, 
6, 1288, 644000, -46.467, -15.946, -0.217, 

1, 211, 105500, -11.308, -5.376,  0.108, 
6, 1287, 643500, -39.051, -25.582,  0.023, 

1, 211, 105500, -3.929,  6.245,  1.118, 
6, 1287, 643500, -33.183, -13.109,  1.285, 

1, 211, 105500, -8.904,  5.441,  0.989, 
6, 1287, 643500, -38.144, -14.466,  1.002, 

1, 211, 105500, -13.689,  9.357,  1.260, 
6, 1287, 643500, -42.748, -9.139,  1.430, 

1, 211, 105500, -20.567,  3.576, -0.023, 
6, 1287, 643500, -49.330, -17.844, -0.023, 

1, 210, 105000, -11.306, -5.412, -0.003, 
6, 1286, 643000, -39.029, -25.824,  0.023, 

1, 210, 105000, -3.917,  6.197,  1.160, 
6, 1286, 643000, -32.857, -13.251,  1.293, 

1, 210, 105000, -8.583,  5.335,  1.003, 
6, 1286, 643000, -37.899, -14.506,  1.027, 

1, 210, 105000, -13.434, 10.022,  1.180, 
6, 1286, 643000, -43.149, -10.035,  1.405, 

1, 209, 104500, -11.328, -5.661,  0.099, 
6, 1285, 642500, -38.998, -25.876,  0.099, 

1, 209, 104500, -3.916,  6.196,  1.160, 
6, 1285, 642500, -32.680, -13.367,  1.095, 

1, 209, 104500, -8.834,  5.371,  1.044, 
6, 1285, 642500, -37.875, -14.473,  0.871, 

1, 209, 104500, -13.723,  9.146,  1.320, 
6, 1285, 642500, -42.672, -9.826,  1.285, 

1, 209, 104500, -20.714,  3.390, -0.023, 
6, 1285, 642500, -48.902, -17.406, -0.238, 

1, 208, 104000, -11.310, -5.728,  0.026, 
6, 1284, 642000, -38.932, -26.227, -0.004, 

1, 208, 104000, -4.045,  6.317,  1.097, 
6, 1284, 642000, -32.750, -13.337,  1.120, 

1, 208, 104000, -13.580,  9.578,  1.359, 
6, 1284, 642000, -42.659, -11.549,  1.348, 

1, 208, 104000, -9.412,  5.613,  1.081, 
6, 1284, 642000, -37.628, -14.654,  1.077, 

1, 208, 104000, -20.594,  3.489, -0.024, 
6, 1284, 642000, -49.129, -17.682, -0.024, 

1, 207, 103500, -11.269, -6.185,  0.160, 
6, 1283, 641500, -38.903, -26.435,  0.059, 

1, 207, 103500, -3.755,  6.067,  1.375, 
6, 1283, 641500, -32.361, -13.593,  0.986, 

1, 207, 103500, -9.108,  5.422,  1.109, 
6, 1283, 641500, -37.459, -14.736,  1.121, 

1, 207, 103500, -14.561,  9.026,  1.348, 
6, 1283, 641500, -42.550, -11.549,  1.382, 

1, 206, 103000, -11.259, -6.213,  0.120, 
6, 1282, 641000, -38.771, -26.799, -0.048, 

1, 206, 103000, -3.913,  6.158,  1.420, 
6, 1282, 641000, -32.608, -13.504,  1.443, 

1, 206, 103000, -9.086,  5.504,  1.164, 
6, 1282, 641000, -37.449, -14.682,  1.159, 

1, 206, 103000, -12.054, -6.782, -0.688, 
6, 1282, 641000, -39.675, -27.301, -0.698, 

1, 205, 102500, -11.235, -6.316,  0.071, 
6, 1281, 640500, -38.898, -26.505,  0.207, 

1, 205, 102500, -3.858,  6.106,  1.448, 
6, 1281, 640500, -32.840, -13.352,  1.460, 

1, 205, 102500, -8.549,  5.318,  0.941, 
6, 1281, 640500, -37.453, -14.692,  1.193, 

1, 204, 102000, -11.317, -6.201,  0.116, 
6, 1280, 640000, -38.836, -26.741, -0.053, 

1, 204, 102000, -3.647,  6.048,  1.485, 
6, 1280, 640000, -32.546, -13.427,  1.482, 

1, 204, 102000, -13.586, 10.661,  1.623, 
6, 1280, 640000, -42.597, -9.843,  1.618, 

1, 203, 101500, -9.112,  5.511,  1.093, 
6, 1279, 639500, -38.296, -14.435,  1.266, 

1, 203, 101500, -11.245, -6.448,  0.039, 
6, 1279, 639500, -38.789, -26.779, -0.006, 

1, 203, 101500, -12.421, -7.934, -0.637, 
6, 1279, 639500, -39.909, -28.473, -0.678, 

1, 203, 101500, -23.715, -9.173,  0.132, 
6, 1279, 639500, -51.127, -29.664, -0.020, 

1, 202, 101000, -9.785,  5.690,  1.296, 
6, 1278, 639000, -37.843, -14.584,  1.134, 

1, 202, 101000, -11.226, -6.489,  0.043, 
6, 1278, 639000, -38.764, -26.784, -0.124, 

1, 202, 101000, -12.467, -8.517, -0.698, 
6, 1278, 639000, -39.928, -29.204, -0.682, 

1, 202, 101000, -23.705, -8.856,  0.130, 
6, 1278, 639000, -51.063, -29.960, -0.190, 

1, 202, 101000, -21.478,  2.822,  0.544, 
6, 1278, 639000, -46.361, -15.976,  0.181, 

1, 201, 100500, -11.216, -6.520, -0.007, 
6, 1277, 638500, -38.718, -26.848, -0.065, 

1, 201, 100500, -23.699, -8.769,  0.281, 
6, 1277, 638500, -51.043, -30.002, -0.368, 

1, 200, 100000, -8.867,  5.380,  1.344, 
6, 1276, 638000, -37.687, -14.684,  1.343, 

1, 200, 100000, -11.060, -6.604, -0.068, 
6, 1276, 638000, -38.572, -27.003,  0.301, 

1, 200, 100000, -23.200, -9.831,  0.124, 
6, 1276, 638000, -50.510, -30.937,  0.379, 

1, 199, 99500, -9.382,  5.513,  1.390, 
6, 1275, 637500, -37.573, -14.716,  1.376, 

1, 199, 99500, -10.787, -6.952,  0.156, 
6, 1275, 637500, -38.544, -27.024,  0.293, 

1, 199, 99500, -20.116, -7.331, -0.684, 
6, 1275, 637500, -51.080, -29.916,  0.399, 

1, 198, 99000, -9.061,  5.423,  1.118, 
6, 1274, 637000, -37.587, -14.687,  1.428, 

1, 198, 99000, -10.936, -6.783,  0.299, 
6, 1274, 637000, -38.532, -27.015,  0.229, 

1, 197, 98500, -12.399, -10.448,  0.105, 
6, 1273, 636500, -39.839, -30.928,  0.050, 

1, 197, 98500, -8.740,  5.312,  1.422, 
6, 1273, 636500, -37.863, -14.724,  1.452, 

1, 197, 98500, -10.987, -6.766,  0.288, 
6, 1273, 636500, -38.486, -27.045,  0.362, 

1, 196, 98000, -12.546, -11.081, -0.002, 
6, 1272, 636000, -39.861, -31.534, -0.169, 

1, 196, 98000, -9.029,  5.400,  1.472, 
6, 1272, 636000, -37.370, -14.702,  1.326, 

1, 195, 97500, -12.578, -10.590, -0.003, 
6, 1271, 635500, -39.849, -31.510, -0.200, 

1, 195, 97500, -10.621, -7.059,  0.198, 
6, 1271, 635500, -38.186, -27.217, -0.016, 

1, 195, 97500, -20.685,  3.316,  0.449, 
6, 1271, 635500, -37.509, -14.837,  1.515, 

1, 194, 97000, -12.330, -11.752, -0.046, 
6, 1270, 635000, -39.546, -32.214,  0.127, 

1, 194, 97000, -12.632, -10.638,  0.020, 
6, 1270, 635000, -39.843, -31.567, -0.160, 

1, 194, 97000, -10.878, -6.915,  0.289, 
6, 1270, 635000, -38.155, -27.247,  0.072, 

1, 193, 96500, -12.368, -11.936, -0.203, 
6, 1269, 634500, -39.622, -32.477,  0.119, 

1, 193, 96500, -12.611, -10.851, -0.057, 
6, 1269, 634500, -39.851, -31.538, -0.093, 

1, 193, 96500, -9.464,  5.376,  1.559, 
6, 1269, 634500, -37.811, -14.761,  1.566, 

1, 193, 96500, -10.840, -6.906,  0.411, 
6, 1269, 634500, -38.297, -27.188,  0.171, 

1, 193, 96500, -21.162,  2.973,  0.682, 
6, 1269, 634500, -49.454, -18.053,  0.685, 

1, 192, 96000, -12.394, -11.754,  0.108, 
6, 1268, 634000, -39.594, -32.552,  0.091, 

1, 192, 96000, -12.465, -11.266,  0.059, 
6, 1268, 634000, -39.612, -32.150,  0.126, 

1, 192, 96000, -9.553,  5.420,  1.413, 
6, 1268, 634000, -37.948, -14.791,  1.411, 

1, 191, 95500, -12.356, -12.108, -0.297, 
6, 1267, 633500, -39.549, -32.760,  0.041, 

1, 191, 95500, -12.394, -11.297, -0.100, 
6, 1267, 633500, -39.941, -31.512, -0.167, 

1, 191, 95500, -21.346,  2.880,  0.710, 
6, 1267, 633500, -37.871, -14.766,  1.462, 

1, 191, 95500, -23.777, -8.741,  0.306, 
6, 1267, 633500, -46.809, -34.311, -0.587, 

1, 190, 95000, -12.346, -12.055, -0.293, 
6, 1266, 633000, -39.528, -32.758, -0.031, 

1, 190, 95000, -21.587,  2.781,  0.496, 
6, 1266, 633000, -49.049, -17.891,  0.496, 

1, 190, 95000, -11.286, -12.969, -0.373, 
6, 1266, 633000, -38.541, -33.443, -0.005, 

1, 190, 95000, -16.745,  5.339,  0.968, 
6, 1266, 633000, -44.180, -15.190,  1.463, 

1, 190, 95000, -12.512, -11.198,  0.031, 
6, 1266, 633000, -39.775, -31.606, -0.194, 

1, 190, 95000, -10.246,  5.587,  1.681, 
6, 1266, 633000, -37.763, -14.866,  1.677, 

1, 189, 94500, -12.354, -12.426,  0.064, 
6, 1265, 632500, -39.489, -32.901,  0.052, 

1, 189, 94500, -11.275, -12.887, -0.324, 
6, 1265, 632500, -38.536, -33.449, -0.045, 

1, 188, 94000, -12.195, -12.557, -0.005, 
6, 1264, 632000, -39.482, -32.893,  0.056, 

1, 188, 94000, -11.397, -13.262, -0.162, 
6, 1264, 632000, -38.496, -33.698, -0.188, 

1, 188, 94000, -21.317,  2.859,  0.754, 
6, 1264, 632000, -49.088, -17.955,  0.516, 

1, 187, 93500, -12.380, -12.430,  0.057, 
6, 1263, 631500, -39.323, -33.042, -0.047, 

1, 187, 93500, -18.185,  6.403,  1.861, 
6, 1263, 631500, -44.318, -15.291,  1.230, 

1, 187, 93500, -11.235, -13.463,  0.176, 
6, 1263, 631500, -38.526, -33.712,  0.101, 

1, 187, 93500, -14.613, 10.491,  2.150, 
6, 1263, 631500, -42.457, -10.104,  2.182, 

1, 186, 93000, -11.994, -12.665, -0.083, 
6, 1262, 631000, -39.256, -33.079,  0.107, 

1, 186, 93000, -11.247, -13.420,  0.180, 
6, 1262, 631000, -38.491, -33.733,  0.113, 

1, 53, 26500, 14.126,  8.608, -0.171, 
6, 46, 23000, 14.579,  8.324, -0.162, 

1, 53, 26500, 22.092, -2.668,  0.118, 
6, 46, 23000, 22.058, -3.542, -0.017, 

1, 53, 26500, 35.414, -0.547,  1.114, 
6, 46, 23000, 35.779,  2.528,  0.282, 

1, 53, 26500, 20.545,  6.805,  0.613, 
6, 46, 23000, 21.450,  7.403,  0.429, 

1, 52, 26000, 13.403, -2.093, -0.471, 
6, 45, 22500, 13.445, -2.259, -0.550, 

1, 52, 26000, 20.805, -5.066,  0.241, 
6, 45, 22500, 21.989, -3.794,  0.248, 

1, 52, 26000, 28.953,  5.741,  0.462, 
6, 45, 22500, 29.331,  4.630,  0.210, 

1, 52, 26000, 14.055,  8.574, -0.018, 
6, 45, 22500, 14.911,  8.308,  0.111, 

1, 52, 26000, 20.580,  6.805,  0.399, 
6, 45, 22500, 21.466,  5.898,  0.127, 

1, 51, 25500, 13.474, -2.117, -0.361, 
6, 44, 22000, 13.405, -2.250, -0.545, 

1, 51, 25500, 22.078, -2.734, -0.018, 
6, 44, 22000, 21.928, -3.830,  0.377, 

1, 51, 25500, 20.783, -5.120,  0.250, 
6, 44, 22000, 20.447, -5.991,  0.118, 

1, 51, 25500, 28.606,  6.139,  0.467, 
6, 44, 22000, 29.387,  4.361,  0.215, 

1, 51, 25500, 34.822, -2.534,  1.674, 
6, 44, 22000, 34.704, -4.424,  1.365, 

1, 51, 25500, 12.566,  8.313,  0.113, 
6, 44, 22000, 13.552,  8.114, -0.017, 

1, 50, 25000, 13.318, -2.111, -0.477, 
6, 43, 21500, 13.344, -2.286, -0.454, 

1, 50, 25000, 34.823, -2.547,  1.549, 
6, 43, 21500, 33.895,  2.436, -0.042, 

1, 50, 25000, 28.724,  5.787,  0.221, 
6, 43, 21500, 29.318,  4.393,  0.219, 

1, 50, 25000, 23.638, -2.173,  0.956, 
6, 43, 21500, 23.778, -2.464,  0.985, 

1, 49, 24500, 12.495, -6.096,  0.358, 
6, 42, 21000, 12.373, -6.192,  0.161, 

1, 49, 24500, 13.323, -2.126, -0.444, 
6, 42, 21000, 13.337, -2.284, -0.438, 

1, 49, 24500, 34.697, -2.916,  1.975, 
6, 42, 21000, 33.306,  2.159, -0.041, 

1, 48, 24000, 11.310,  5.957, -0.013, 
6, 41, 20500, 13.851,  4.502, -0.095, 

1, 48, 24000, 11.924, -6.095,  0.162, 
6, 41, 20500, 11.932, -6.162,  0.077, 

1, 48, 24000, 13.224, -2.195, -0.340, 
6, 41, 20500, 13.253, -2.333, -0.395, 

1, 48, 24000, 25.171, -5.257,  0.574, 
6, 41, 20500, 29.186,  4.686,  0.229, 

1, 48, 24000, 20.663,  6.688,  0.311, 
6, 41, 20500, 21.289,  5.964,  0.306, 

1, 47, 23500, 11.030,  5.385,  0.075, 
6, 40, 20000, 12.134,  3.414,  0.102, 

1, 47, 23500, 11.633, -6.087,  0.444, 
6, 40, 20000, 11.749, -6.145, -0.012, 

1, 47, 23500, 13.225, -2.181, -0.300, 
6, 40, 20000, 13.196, -2.371, -0.444, 

1, 47, 23500, 28.655,  6.097,  0.508, 
6, 40, 20000, 32.225,  2.286, -0.041, 

1, 47, 23500, 21.935, -3.070,  0.138, 
6, 40, 20000, 21.854, -3.774,  0.835, 

1, 46, 23000, 10.862,  5.060,  0.217, 
6, 39, 19500, 11.695,  3.341,  0.046, 

1, 46, 23000, 11.260, -6.083,  0.299, 
6, 39, 19500, 11.178, -6.104,  0.455, 

1, 46, 23000, 12.991, -2.372, -0.217, 
6, 39, 19500, 13.077, -2.465, -0.341, 

1, 46, 23000, 34.702, -3.853,  1.683, 
6, 39, 19500, 31.416,  2.610, -0.040, 

1, 45, 22500, 10.488,  5.017,  0.377, 
6, 38, 19000, 10.951,  3.255, -0.128, 

1, 45, 22500, 10.958, -6.066,  0.298, 
6, 38, 19000, 10.619, -6.085,  0.077, 

1, 45, 22500, 28.725,  5.724,  0.245, 
6, 38, 19000, 29.254,  4.686, -0.038, 

1, 45, 22500, 12.640,  8.301, -0.503, 
6, 38, 19000, 13.175,  8.141, -0.490, 

1, 45, 22500, 21.883, -3.106,  0.714, 
6, 38, 19000, 21.922, -3.652,  0.806, 

1, 44, 22000, 10.136,  4.812,  0.397, 
6, 37, 18500, 10.604,  4.821,  0.065, 

1, 44, 22000, 10.362, -6.070,  0.299, 
6, 37, 18500, 10.635, -6.068,  0.307, 

1, 44, 22000, 13.639, -4.123,  0.202, 
6, 37, 18500, 13.721, -4.220,  0.071, 

1, 44, 22000, 10.199, -2.472, -0.041, 
6, 37, 18500, 10.320, -2.433, -0.175, 

1, 44, 22000, 21.940, -3.086,  0.153, 
6, 37, 18500, 21.905, -3.676,  0.904, 

1, 43, 21500, 10.236, -2.440,  0.111, 
6, 36, 18000, 10.262, -2.430,  0.177, 

1, 43, 21500,  9.722,  4.731, -0.096, 
6, 36, 18000, 10.169,  4.736, -0.093, 

1, 43, 21500, 13.729, -4.072,  0.146, 
6, 36, 18000, 13.639, -4.241,  0.148, 

1, 43, 21500, 28.805,  5.790,  0.550, 
6, 36, 18000, 29.170,  4.912,  0.254, 

1, 43, 21500, 12.599,  8.301, -0.511, 
6, 36, 18000, 13.088,  8.159, -0.499, 

1, 42, 21000,  9.673, -6.070,  0.405, 
6, 35, 17500,  9.693, -6.041,  0.238, 

1, 42, 21000, 10.222, -2.467,  0.091, 
6, 35, 17500, 10.230, -2.464,  0.100, 

1, 42, 21000, 13.755, -4.043,  0.154, 
6, 35, 17500, 13.668, -4.232,  0.072, 

1, 42, 21000, 21.946, -3.106,  1.092, 
6, 35, 17500, 23.365, -2.527,  1.218, 

1, 42, 21000,  9.713,  4.718, -0.095, 
6, 35, 17500,  9.950,  4.704,  0.063, 

1, 42, 21000, 13.107, -2.348, -0.150, 
6, 35, 17500, 13.177, -2.449, -0.228, 

1, 41, 20500,  9.769,  4.725, -0.010, 
6, 34, 17000,  9.926,  4.717, -0.010, 

1, 41, 20500,  8.893, -6.055,  0.302, 
6, 34, 17000,  9.283, -6.020,  0.309, 

1, 41, 20500, 10.123, -2.501,  0.212, 
6, 34, 17000, 10.260, -2.467,  0.070, 

1, 41, 20500, 28.899,  5.424,  0.570, 
6, 34, 17000, 29.090,  5.281,  0.263, 

1, 41, 20500, 13.641, -4.178,  0.081, 
6, 34, 17000, 13.717, -4.198, -0.012, 

1, 41, 20500, 21.910, -3.213,  0.916, 
6, 34, 17000, 21.954, -3.594,  1.020, 

1, 40, 20000,  9.558,  4.712,  0.065, 
6, 33, 16500, 10.568,  4.834,  0.066, 

1, 40, 20000, 10.161, -2.514, -0.147, 
6, 33, 16500, 10.250, -2.483,  0.035, 

1, 40, 20000, 28.906,  5.415,  0.269, 
6, 33, 16500, 29.205,  5.152, -0.041, 

1, 40, 20000, 13.625, -4.193,  0.170, 
6, 33, 16500, 13.822, -4.079, -0.012, 

1, 40, 20000,  8.995, -6.060,  0.505, 
6, 33, 16500,  9.032, -5.999,  0.519, 

1, 40, 20000, 21.880, -3.255,  1.169, 
6, 33, 16500, 21.952, -3.618,  0.704, 

1, 39, 19500,  9.621,  4.685,  0.066, 
6, 32, 16000,  9.552,  4.862, -0.094, 

1, 39, 19500,  8.400, -6.059,  0.505, 
6, 32, 16000,  8.393, -5.985,  0.311, 

1, 39, 19500, 12.997, -2.672, -0.100, 
6, 32, 16000, 13.120, -2.507, -0.286, 

1, 39, 19500, 10.104, -2.557,  0.077, 
6, 32, 16000, 10.255, -2.472,  0.155, 

1, 39, 19500, 13.552, -4.307,  0.179, 
6, 32, 16000, 13.674, -4.246,  0.084, 

1, 38, 19000,  9.655,  4.688,  0.067, 
6, 31, 15500,  9.918,  4.700,  0.064, 

1, 38, 19000, 10.094, -2.532,  0.130, 
6, 31, 15500, 10.182, -2.521,  0.043, 

1, 38, 19000,  8.075, -6.064,  0.360, 
6, 31, 15500,  7.928, -5.966,  0.239, 

1, 38, 19000, 21.846, -3.484,  0.885, 
6, 31, 15500, 21.918, -3.790,  0.746, 

1, 38, 19000, 13.021, -2.470, -0.212, 
6, 31, 15500, 13.195, -2.562, -0.213, 

1, 38, 19000, 28.851,  5.333,  0.278, 
6, 31, 15500, 29.279,  5.316,  1.664, 

1, 38, 19000, 13.553, -4.240,  0.087, 
6, 31, 15500, 13.619, -4.342, -0.014, 

1, 37, 18500,  9.516,  4.734, -0.011, 
6, 30, 15000,  9.032,  5.228,  0.377, 

1, 37, 18500, 10.074, -2.528,  0.093, 
6, 30, 15000, 10.254, -2.432,  0.144, 

1, 37, 18500,  7.745, -6.059,  0.301, 
6, 30, 15000,  8.066, -5.946,  0.167, 

1, 37, 18500, 21.801, -3.399,  1.266, 
6, 30, 15000, 21.923, -3.504,  1.023, 

1, 37, 18500, 13.004, -2.475, -0.221, 
6, 30, 15000, 13.174, -2.469, -0.225, 

1, 37, 18500, 28.888,  5.185,  0.283, 
6, 30, 15000, 25.766,  3.500, -0.036, 

1, 37, 18500, 13.556, -4.233,  0.196, 
6, 30, 15000, 13.579, -4.353,  0.099, 

1, 36, 18000,  9.952, -2.662,  0.045, 
6, 29, 14500, 10.317, -2.372,  0.051, 

1, 36, 18000,  7.560, -6.091,  0.303, 
6, 29, 14500,  7.177, -5.926,  0.312, 

1, 36, 18000,  9.824,  4.545, -0.011, 
6, 29, 14500,  9.424,  4.912,  0.400, 

1, 36, 18000, 20.519,  7.539,  1.347, 
6, 29, 14500, 20.202,  8.500,  1.324, 

1, 36, 18000, 21.716, -4.015,  0.414, 
6, 29, 14500, 22.422, -2.169,  1.323, 

1, 35, 17500,  9.326,  4.806, -0.011, 
6, 28, 14000,  9.495,  4.853,  0.383, 

1, 35, 17500,  9.939, -2.702, -0.008, 
6, 28, 14000, 10.217, -2.473, -0.312, 

1, 35, 17500, 21.801, -3.625,  0.620, 
6, 28, 14000, 21.903, -2.303,  1.314, 

1, 35, 17500,  7.578, -6.078,  0.409, 
6, 28, 14000,  7.981, -5.979,  0.079, 

1, 34, 17000, 10.039, -2.605,  0.054, 
6, 27, 13500, 10.178, -2.499,  0.182, 

1, 34, 17000, 21.448, -3.230,  1.315, 
6, 27, 13500, 21.621, -3.000,  1.061, 

1, 34, 17000,  9.485,  4.712,  0.502, 
6, 27, 13500,  8.664,  5.425,  0.501, 

1, 33, 16500,  9.204,  4.852, -0.117, 
6, 26, 13000,  8.912,  5.229,  0.414, 

1, 33, 16500, 10.055, -2.601, -0.175, 
6, 26, 13000, 10.219, -2.445,  0.132, 

1, 33, 16500,  7.797, -6.093,  0.079, 
6, 26, 13000,  7.932, -5.976,  0.174, 

1, 33, 16500, 21.840, -3.343,  1.225, 
6, 26, 13000, 21.617, -2.690,  1.208, 

1, 33, 16500,  5.756, -3.760, -0.206, 
6, 26, 13000,  5.935, -3.687, -0.140, 

1, 32, 16000,  9.074,  4.930,  0.078, 
6, 25, 12500,  8.901,  5.242,  0.416, 

1, 32, 16000,  5.776, -3.755, -0.206, 
6, 25, 12500,  6.020, -3.629, -0.137, 

1, 32, 16000, 10.123, -2.500,  0.208, 
6, 25, 12500, 10.259, -2.319,  0.268, 

1, 32, 16000,  7.944, -6.064,  0.257, 
6, 25, 12500,  8.084, -5.919,  0.444, 

1, 32, 16000, 21.843, -3.446,  1.420, 
6, 25, 12500, 20.985, -0.194,  1.321, 

1, 31, 15500,  5.306,  5.337,  0.283, 
6, 24, 12000,  5.035,  4.800,  0.297, 

1, 31, 15500, 10.199, -2.332,  0.073, 
6, 24, 12000, 10.290, -2.305,  0.073, 

1, 31, 15500,  8.956,  4.981,  0.080, 
6, 24, 12000,  8.826,  5.292,  0.443, 

1, 31, 15500,  5.399, -3.823, -0.007, 
6, 24, 12000,  6.016, -3.643, -0.138, 

1, 30, 15000,  4.652,  4.583,  0.238, 
6, 23, 11500,  4.721,  4.635,  0.125, 

1, 30, 15000,  9.006,  4.946,  0.088, 
6, 23, 11500,  8.364,  5.539,  0.558, 

1, 30, 15000,  5.336, -3.869, -0.008, 
6, 23, 11500,  5.465, -3.762, -0.008, 

1, 30, 15000, 21.930, -2.851,  1.074, 
6, 23, 11500, 21.990, -2.709,  1.328, 

1, 29, 14500,  9.030,  4.898,  0.085, 
6, 22, 11000,  9.075,  5.024, -0.131, 

1, 29, 14500,  5.597, -3.800,  0.050, 
6, 22, 11000,  5.718, -3.717, -0.008, 

1, 29, 14500,  4.742,  4.591,  0.130, 
6, 22, 11000,  4.714,  4.638,  0.129, 

1, 29, 14500,  9.245,  4.755,  0.593, 
6, 22, 11000,  9.288,  4.898,  0.595, 

1, 29, 14500, 10.133, -2.454,  0.313, 
6, 22, 11000, 10.195, -2.374,  0.253, 

1, 29, 14500, 21.883, -3.225,  0.925, 
6, 22, 11000, 21.988, -2.729,  1.358, 

1, 29, 14500,  6.317,  6.988, -0.014, 
6, 22, 11000,  6.268,  7.046, -0.136, 

1, 28, 14000,  9.061,  4.862,  0.095, 
6, 21, 10500,  9.130,  4.926, -0.136, 

1, 28, 14000,  5.238, -3.882,  0.111, 
6, 21, 10500,  5.311, -3.783,  0.051, 

1, 28, 14000,  4.325, -6.018,  0.420, 
6, 21, 10500,  4.489, -5.935,  0.460, 

1, 28, 14000,  4.745,  4.585,  0.130, 
6, 21, 10500,  4.877,  4.638,  0.130, 

1, 28, 14000, 10.055, -2.631, -0.013, 
6, 21, 10500, 10.195, -2.376,  0.249, 

1, 28, 14000,  8.340,  5.470,  0.606, 
6, 21, 10500,  8.387,  5.477,  0.593, 

1, 27, 13500,  9.095,  4.815, -0.014, 
6, 20, 10000,  9.064,  4.997, -0.014, 

1, 27, 13500,  5.257, -3.830,  0.112, 
6, 20, 10000,  5.363, -3.848, -0.008, 

1, 27, 13500,  3.973, -6.032,  0.240, 
6, 20, 10000,  4.313, -5.931,  0.418, 

1, 27, 13500,  4.787,  4.599,  0.132, 
6, 20, 10000,  4.728,  4.658,  0.131, 

1, 27, 13500,  3.874,  4.699,  0.246, 
6, 20, 10000,  4.065,  4.723,  0.188, 

1, 26, 13000,  9.153,  4.772,  0.096, 
6, 19, 9500,  8.992,  5.086, -0.015, 

1, 26, 13000,  3.532, -6.022,  0.372, 
6, 19, 9500,  3.720, -5.952,  0.311, 

1, 26, 13000,  4.603,  4.649,  0.196, 
6, 19, 9500,  4.800,  4.646,  0.062, 

1, 26, 13000,  8.504,  5.334,  0.642, 
6, 19, 9500,  8.399,  5.546,  0.525, 

1, 26, 13000,  5.221, -3.877,  0.117, 
6, 19, 9500,  5.382, -3.836,  0.055, 

1, 25, 12500,  8.888,  5.058,  0.603, 
6, 18, 9000,  9.126,  4.895, -0.015, 

1, 25, 12500,  5.311, -3.926,  0.182, 
6, 18, 9000,  5.366, -3.804, -0.009, 

1, 25, 12500,  3.182, -6.016,  0.312, 
6, 18, 9000,  3.337, -5.957,  0.240, 

1, 25, 12500,  4.702,  4.611,  0.200, 
6, 18, 9000,  4.840,  4.635,  0.136, 

1, 25, 12500,  3.596,  4.719,  0.415, 
6, 18, 9000,  3.358,  4.727,  0.362, 

1, 25, 12500, 10.089, -2.616,  0.103, 
6, 18, 9000, 10.156, -2.475, -0.015, 

1, 24, 12000,  5.234, -3.970,  0.186, 
6, 17, 8500,  5.355, -3.812,  0.060, 

1, 24, 12000,  2.827, -6.005,  0.419, 
6, 17, 8500,  2.822, -5.953,  0.240, 

1, 24, 12000,  3.817,  4.688,  0.343, 
6, 17, 8500,  3.878,  4.713,  0.416, 

1, 24, 12000,  4.622,  4.611,  0.139, 
6, 17, 8500,  4.489,  4.717,  0.064, 

1, 24, 12000,  9.166,  4.754, -0.016, 
6, 17, 8500,  8.976,  5.051, -0.016, 

1, 23, 11500,  5.259, -3.959,  0.068, 
6, 16, 8000,  5.321, -3.884, -0.015, 

1, 23, 11500,  2.141, -6.004,  0.372, 
6, 16, 8000,  2.263, -5.956,  0.313, 

1, 23, 11500,  3.432,  4.767,  0.432, 
6, 16, 8000,  3.860,  4.721,  0.258, 

1, 23, 11500,  4.513,  4.674,  0.144, 
6, 16, 8000,  4.442,  4.712, -0.010, 

1, 23, 11500,  9.112,  4.831,  0.107, 
6, 16, 8000,  9.063,  4.934, -0.016, 

1, 22, 11000,  8.381,  5.407,  0.745, 
6, 15, 7500,  8.358,  5.421,  0.746, 

1, 22, 11000,  5.251, -3.891,  0.141, 
6, 15, 7500,  5.262, -3.917,  0.071, 

1, 22, 11000,  2.016, -5.989,  0.522, 
6, 15, 7500,  1.933, -5.976,  0.241, 

1, 22, 11000, 28.889,  5.548,  1.125, 
6, 15, 7500, 41.471,  4.523, -0.079, 

1, 22, 11000,  3.525,  4.745,  0.440, 
6, 15, 7500,  3.981,  4.669,  0.441, 

1, 22, 11000,  4.553,  4.658,  0.212, 
6, 15, 7500,  4.588,  4.636,  0.068, 

1, 21, 10500,  8.515,  5.351,  0.760, 
6, 14, 7000,  8.412,  5.379,  0.663, 

1, 21, 10500,  5.245, -3.886,  0.149, 
6, 14, 7000,  5.275, -3.912,  0.070, 

1, 21, 10500,  1.513, -6.003,  0.312, 
6, 14, 7000,  1.828, -5.978,  0.241, 

1, 21, 10500,  3.666,  4.730,  0.371, 
6, 14, 7000,  3.200,  4.897,  0.454, 

1, 20, 10000,  8.372,  5.300,  0.792, 
6, 13, 6500,  8.391,  5.328,  0.782, 

1, 20, 10000,  5.191, -3.930,  0.162, 
6, 13, 6500,  5.292, -3.893,  0.079, 

1, 20, 10000,  0.759, -4.692,  0.412, 
6, 13, 6500,  0.758, -4.659,  0.360, 

1, 20, 10000,  3.697,  4.695,  0.472, 
6, 13, 6500,  3.709,  4.610,  0.452, 

1, 19, 9500,  0.598, -1.292, -0.186, 
6, 12, 6000,  0.600, -1.268, -0.279, 

1, 19, 9500,  8.311,  5.377,  0.820, 
6, 12, 6000,  8.411,  5.303,  0.589, 

1, 19, 9500,  5.242, -3.978,  0.243, 
6, 12, 6000,  5.272, -3.898,  0.076, 

1, 19, 9500,  0.788, -4.699,  0.363, 
6, 12, 6000,  0.777, -4.640,  0.407, 

1, 18, 9000,  0.506, -1.258, -0.272, 
6, 11, 5500,  0.557, -1.263, -0.246, 

1, 18, 9000, -0.170,  6.432,  0.337, 
6, 11, 5500, -0.351,  5.817, -0.012, 

1, 18, 9000,  5.241, -3.866,  0.256, 
6, 11, 5500,  5.182, -4.013,  0.259, 

1, 17, 8500,  0.437, -1.284, -0.188, 
6, 10, 5000,  0.409, -1.285, -0.186, 

1, 17, 8500, -0.389,  6.006, -0.012, 
6, 10, 5000, -0.275,  5.423, -0.201, 

1, 17, 8500,  8.261,  5.416,  0.851, 
6, 10, 5000,  8.335,  5.264,  0.755, 

1, 17, 8500, 28.685,  6.562,  0.817, 
6, 10, 5000, 29.128,  4.518,  0.819, 

1, 16, 8000,  0.506, -1.287, -0.135, 
6, 9, 4500,  0.366, -1.278, -0.131, 

1, 16, 8000, -0.484,  6.000,  0.078, 
6, 9, 4500, -0.469,  5.726, -0.011, 

1, 16, 8000,  5.345, -3.728,  0.180, 
6, 9, 4500,  5.173, -3.879,  0.083, 

1, 16, 8000, -0.308, -4.428,  0.178, 
6, 9, 4500,  0.698, -4.670,  0.364, 

1, 16, 8000,  8.168,  5.626,  0.858, 
6, 9, 4500,  8.248,  5.283,  0.752, 

1, 16, 8000,  3.123,  4.834,  0.503, 
6, 9, 4500,  3.032,  4.827,  0.494, 

1, 16, 8000,  0.296, -1.295, -0.354, 
6, 9, 4500,  0.219, -1.298, -0.351, 

1, 16, 8000, 28.715,  6.399,  0.821, 
6, 9, 4500, 28.667,  6.217,  2.259, 

1, 15, 7500,  0.338, -1.302, -0.256, 
6, 8, 4000,  0.199, -1.309, -0.286, 

1, 15, 7500, -0.461,  6.018,  0.078, 
6, 8, 4000, -0.474,  5.691, -0.109, 

1, 15, 7500,  5.333, -3.747,  0.182, 
6, 8, 4000,  5.145, -3.935,  0.259, 

1, 15, 7500, -0.349, -4.430,  0.276, 
6, 8, 4000,  0.018, -5.960,  0.418, 

1, 15, 7500, 10.156, -2.243,  0.291, 
6, 8, 4000, 11.872,  3.987,  0.351, 

1, 14, 7000,  0.440, -1.284, -0.195, 
6, 7, 3500,  0.338, -1.277, -0.221, 

1, 14, 7000, -0.408,  6.003,  0.078, 
6, 7, 3500, -0.465,  5.709, -0.011, 

1, 14, 7000,  5.336, -3.747,  0.182, 
6, 7, 3500,  5.155, -3.879,  0.084, 

1, 14, 7000,  3.105,  4.855,  0.502, 
6, 7, 3500,  3.200,  4.710,  0.439, 

1, 14, 7000,  8.132,  5.618,  0.862, 
6, 7, 3500,  8.217,  5.313,  0.853, 

1, 14, 7000,  0.469, -5.986,  0.240, 
6, 7, 3500,  0.058, -5.969,  0.311, 

1, 14, 7000,  0.306, -1.295, -0.356, 
6, 7, 3500,  0.184, -1.306, -0.319, 

1, 14, 7000, 10.148, -2.268,  0.416, 
6, 7, 3500, 10.049, -2.577,  0.540, 

1, 13, 6500,  0.444, -1.281, -0.194, 
6, 6, 3000,  0.383, -1.284, -0.191, 

1, 13, 6500, -0.410,  5.996,  0.078, 
6, 6, 3000, -0.469,  5.696, -0.109, 

1, 13, 6500,  5.337, -3.738,  0.182, 
6, 6, 3000,  5.143, -3.942,  0.259, 

1, 13, 6500,  3.104,  4.834,  0.501, 
6, 6, 3000,  3.200,  4.710,  0.439, 

1, 13, 6500,  8.125,  5.619,  0.862, 
6, 6, 3000,  8.228,  5.426,  0.513, 

1, 13, 6500, 10.133, -2.245,  0.291, 
6, 6, 3000, 10.061, -2.580,  0.541, 

1, 12, 6000,  0.437, -1.282, -0.133, 
6, 5, 2500,  0.335, -1.282, -0.189, 

1, 12, 6000, -0.404,  6.010,  0.078, 
6, 5, 2500, -0.464,  5.706, -0.109, 

1, 12, 6000,  5.340, -3.764,  0.183, 
6, 5, 2500,  5.160, -3.890,  0.084, 

1, 12, 6000,  8.131,  5.610,  0.862, 
6, 5, 2500,  8.212,  5.345,  0.756, 

1, 11, 5500,  0.498, -1.262, -0.133, 
6, 4, 2000,  0.345, -1.291, -0.131, 

1, 11, 5500, -0.416,  6.002,  0.078, 
6, 4, 2000, -0.459,  5.714, -0.011, 

1, 11, 5500,  5.338, -3.755,  0.183, 
6, 4, 2000,  5.148, -3.873,  0.084, 

1, 11, 5500,  8.136,  5.626,  0.863, 
6, 4, 2000,  8.122,  5.533,  0.758, 

1, 11, 5500, 10.137, -2.256,  0.416, 
6, 4, 2000, 10.070, -2.593,  0.416, 

